ID,STATION,NAME,DATE,PRCP,TMAX,TMIN
1,USC00218450,"UNIVERSITY OF MN ST. PAUL, MN US",1/1/17,0,26,18
2,USC00218450,"UNIVERSITY OF MN ST. PAUL, MN US",1/2/17,0,31,20
3,USC00218450,"UNIVERSITY OF MN ST. PAUL, MN US",1/3/17,0.01,30,25
4,USC00218450,"UNIVERSITY OF MN ST. PAUL, MN US",1/4/17,0,25,-6
5,USC00218450,"UNIVERSITY OF MN ST. PAUL, MN US",1/5/17,0.01,2,-8
6,USC00218450,"UNIVERSITY OF MN ST. PAUL, MN US",1/6/17,0,0,-11
7,USC00218450,"UNIVERSITY OF MN ST. PAUL, MN US",1/7/17,0,5,-11
8,USC00218450,"UNIVERSITY OF MN ST. PAUL, MN US",1/8/17,0,7,-5
9,USC00218450,"UNIVERSITY OF MN ST. PAUL, MN US",1/9/17,0,17,-5
10,USC00218450,"UNIVERSITY OF MN ST. PAUL, MN US",1/10/17,0.16,25,15
11,USC00218450,"UNIVERSITY OF MN ST. PAUL, MN US",1/11/17,0.22,25,2
12,USC00218450,"UNIVERSITY OF MN ST. PAUL, MN US",1/12/17,0.04,8,2
13,USC00218450,"UNIVERSITY OF MN ST. PAUL, MN US",1/13/17,0,12,-10
14,USC00218450,"UNIVERSITY OF MN ST. PAUL, MN US",1/14/17,0,8,-9
15,USC00218450,"UNIVERSITY OF MN ST. PAUL, MN US",1/15/17,0,22,2
16,USC00218450,"UNIVERSITY OF MN ST. PAUL, MN US",1/16/17,0,32,3
17,USC00218450,"UNIVERSITY OF MN ST. PAUL, MN US",1/17/17,0.27,30,11
18,USC00218450,"UNIVERSITY OF MN ST. PAUL, MN US",1/18/17,0,34,25
19,USC00218450,"UNIVERSITY OF MN ST. PAUL, MN US",1/19/17,0,40,26
20,USC00218450,"UNIVERSITY OF MN ST. PAUL, MN US",1/20/17,0,37,29
21,USC00218450,"UNIVERSITY OF MN ST. PAUL, MN US",1/21/17,0,35,33
22,USC00218450,"UNIVERSITY OF MN ST. PAUL, MN US",1/22/17,0.02,36,33
23,USC00218450,"UNIVERSITY OF MN ST. PAUL, MN US",1/23/17,0,38,32
24,USC00218450,"UNIVERSITY OF MN ST. PAUL, MN US",1/24/17,0,33,29
25,USC00218450,"UNIVERSITY OF MN ST. PAUL, MN US",1/25/17,0.06,31,28
26,USC00218450,"UNIVERSITY OF MN ST. PAUL, MN US",1/26/17,0.01,28,26
27,USC00218450,"UNIVERSITY OF MN ST. PAUL, MN US",1/27/17,0,27,18
28,USC00218450,"UNIVERSITY OF MN ST. PAUL, MN US",1/28/17,0,29,17
29,USC00218450,"UNIVERSITY OF MN ST. PAUL, MN US",1/29/17,0,25,22
30,USC00218450,"UNIVERSITY OF MN ST. PAUL, MN US",1/30/17,0.02,26,14
31,USC00218450,"UNIVERSITY OF MN ST. PAUL, MN US",1/31/17,0.11,39,18
32,USC00218450,"UNIVERSITY OF MN ST. PAUL, MN US",2/1/17,0.01,36,14
33,USC00218450,"UNIVERSITY OF MN ST. PAUL, MN US",2/2/17,0,16,6
34,USC00218450,"UNIVERSITY OF MN ST. PAUL, MN US",2/3/17,0,16,6
35,USC00218450,"UNIVERSITY OF MN ST. PAUL, MN US",2/4/17,0,32,5
36,USC00218450,"UNIVERSITY OF MN ST. PAUL, MN US",2/5/17,0,33,17
37,USC00218450,"UNIVERSITY OF MN ST. PAUL, MN US",2/6/17,0,24,16
38,USC00218450,"UNIVERSITY OF MN ST. PAUL, MN US",2/7/17,0,30,17
39,USC00218450,"UNIVERSITY OF MN ST. PAUL, MN US",2/8/17,0.01,24,0
40,USC00218450,"UNIVERSITY OF MN ST. PAUL, MN US",2/9/17,0,12,-2
41,USC00218450,"UNIVERSITY OF MN ST. PAUL, MN US",2/10/17,0,19,1
42,USC00218450,"UNIVERSITY OF MN ST. PAUL, MN US",2/11/17,0,44,19
43,USC00218450,"UNIVERSITY OF MN ST. PAUL, MN US",2/12/17,0.02,43,29
44,USC00218450,"UNIVERSITY OF MN ST. PAUL, MN US",2/13/17,0,37,27
45,USC00218450,"UNIVERSITY OF MN ST. PAUL, MN US",2/14/17,0,45,27
46,USC00218450,"UNIVERSITY OF MN ST. PAUL, MN US",2/15/17,0,40,18
47,USC00218450,"UNIVERSITY OF MN ST. PAUL, MN US",2/16/17,0,34,18
48,USC00218450,"UNIVERSITY OF MN ST. PAUL, MN US",2/17/17,0,39,28
49,USC00218450,"UNIVERSITY OF MN ST. PAUL, MN US",2/18/17,0,61,30
50,USC00218450,"UNIVERSITY OF MN ST. PAUL, MN US",2/19/17,0,57,31
51,USC00218450,"UNIVERSITY OF MN ST. PAUL, MN US",2/20/17,0,56,33
52,USC00218450,"UNIVERSITY OF MN ST. PAUL, MN US",2/21/17,0.66,53,33
53,USC00218450,"UNIVERSITY OF MN ST. PAUL, MN US",2/22/17,0,61,31
54,USC00218450,"UNIVERSITY OF MN ST. PAUL, MN US",2/23/17,0,56,30
55,USC00218450,"UNIVERSITY OF MN ST. PAUL, MN US",2/24/17,0,35,23
56,USC00218450,"UNIVERSITY OF MN ST. PAUL, MN US",2/25/17,0,25,13
57,USC00218450,"UNIVERSITY OF MN ST. PAUL, MN US",2/26/17,0,30,13
58,USC00218450,"UNIVERSITY OF MN ST. PAUL, MN US",2/27/17,0,35,22
59,USC00218450,"UNIVERSITY OF MN ST. PAUL, MN US",2/28/17,0,43,22
60,USC00218450,"UNIVERSITY OF MN ST. PAUL, MN US",3/1/17,0.04,43,24
61,USC00218450,"UNIVERSITY OF MN ST. PAUL, MN US",3/2/17,0.01,34,16
62,USC00218450,"UNIVERSITY OF MN ST. PAUL, MN US",3/3/17,0,27,10
63,USC00218450,"UNIVERSITY OF MN ST. PAUL, MN US",3/4/17,0,29,10
64,USC00218450,"UNIVERSITY OF MN ST. PAUL, MN US",3/5/17,0,40,25
65,USC00218450,"UNIVERSITY OF MN ST. PAUL, MN US",3/6/17,0,56,35
66,USC00218450,"UNIVERSITY OF MN ST. PAUL, MN US",3/7/17,0.08,61,26
67,USC00218450,"UNIVERSITY OF MN ST. PAUL, MN US",3/8/17,0,45,23
68,USC00218450,"UNIVERSITY OF MN ST. PAUL, MN US",3/9/17,0,31,21
69,USC00218450,"UNIVERSITY OF MN ST. PAUL, MN US",3/10/17,0,27,3
70,USC00218450,"UNIVERSITY OF MN ST. PAUL, MN US",3/11/17,0,16,2
71,USC00218450,"UNIVERSITY OF MN ST. PAUL, MN US",3/12/17,0,20,6
72,USC00218450,"UNIVERSITY OF MN ST. PAUL, MN US",3/13/17,0.11,28,12
73,USC00218450,"UNIVERSITY OF MN ST. PAUL, MN US",3/14/17,0,29,12
74,USC00218450,"UNIVERSITY OF MN ST. PAUL, MN US",3/15/17,0,32,11
75,USC00218450,"UNIVERSITY OF MN ST. PAUL, MN US",3/16/17,0,30,11
76,USC00218450,"UNIVERSITY OF MN ST. PAUL, MN US",3/17/17,0,40,20
77,USC00218450,"UNIVERSITY OF MN ST. PAUL, MN US",3/18/17,0,42,28
78,USC00218450,"UNIVERSITY OF MN ST. PAUL, MN US",3/19/17,0,40,28
79,USC00218450,"UNIVERSITY OF MN ST. PAUL, MN US",3/20/17,0,52,29
80,USC00218450,"UNIVERSITY OF MN ST. PAUL, MN US",3/21/17,0,53,26
81,USC00218450,"UNIVERSITY OF MN ST. PAUL, MN US",3/22/17,0,33,18
82,USC00218450,"UNIVERSITY OF MN ST. PAUL, MN US",3/23/17,0,38,19
83,USC00218450,"UNIVERSITY OF MN ST. PAUL, MN US",3/24/17,0.18,38,35
84,USC00218450,"UNIVERSITY OF MN ST. PAUL, MN US",3/25/17,0,42,35
85,USC00218450,"UNIVERSITY OF MN ST. PAUL, MN US",3/26/17,0.12,40,34
86,USC00218450,"UNIVERSITY OF MN ST. PAUL, MN US",3/27/17,0,41,34
87,USC00218450,"UNIVERSITY OF MN ST. PAUL, MN US",3/28/17,0,56,31
88,USC00218450,"UNIVERSITY OF MN ST. PAUL, MN US",3/29/17,0,61,32
89,USC00218450,"UNIVERSITY OF MN ST. PAUL, MN US",3/30/17,0.04,48,37
90,USC00218450,"UNIVERSITY OF MN ST. PAUL, MN US",3/31/17,0,46,30
91,USC00218450,"UNIVERSITY OF MN ST. PAUL, MN US",4/1/17,0,54,30
92,USC00218450,"UNIVERSITY OF MN ST. PAUL, MN US",4/2/17,0,63,34
93,USC00218450,"UNIVERSITY OF MN ST. PAUL, MN US",4/3/17,0,53,43
94,USC00218450,"UNIVERSITY OF MN ST. PAUL, MN US",4/4/17,0.05,49,42
95,USC00218450,"UNIVERSITY OF MN ST. PAUL, MN US",4/5/17,0,59,36
96,USC00218450,"UNIVERSITY OF MN ST. PAUL, MN US",4/6/17,0,52,33
97,USC00218450,"UNIVERSITY OF MN ST. PAUL, MN US",4/7/17,0,52,29
98,USC00218450,"UNIVERSITY OF MN ST. PAUL, MN US",4/8/17,0,58,32
99,USC00218450,"UNIVERSITY OF MN ST. PAUL, MN US",4/9/17,0,69,47
100,USC00218450,"UNIVERSITY OF MN ST. PAUL, MN US",4/10/17,0.21,70,42
101,USC00218450,"UNIVERSITY OF MN ST. PAUL, MN US",4/11/17,0.38,43,29
102,USC00218450,"UNIVERSITY OF MN ST. PAUL, MN US",4/12/17,0,50,30
103,USC00218450,"UNIVERSITY OF MN ST. PAUL, MN US",4/13/17,0.21,54,42
104,USC00218450,"UNIVERSITY OF MN ST. PAUL, MN US",4/14/17,0,52,43
105,USC00218450,"UNIVERSITY OF MN ST. PAUL, MN US",4/15/17,0.5,62,46
106,USC00218450,"UNIVERSITY OF MN ST. PAUL, MN US",4/16/17,0.38,70,45
107,USC00218450,"UNIVERSITY OF MN ST. PAUL, MN US",4/17/17,0,62,42
108,USC00218450,"UNIVERSITY OF MN ST. PAUL, MN US",4/18/17,0,56,42
109,USC00218450,"UNIVERSITY OF MN ST. PAUL, MN US",4/19/17,0.24,62,42
110,USC00218450,"UNIVERSITY OF MN ST. PAUL, MN US",4/20/17,0.85,50,38
111,USC00218450,"UNIVERSITY OF MN ST. PAUL, MN US",4/21/17,0,48,35
112,USC00218450,"UNIVERSITY OF MN ST. PAUL, MN US",4/22/17,0,60,39
113,USC00218450,"UNIVERSITY OF MN ST. PAUL, MN US",4/23/17,0,67,44
114,USC00218450,"UNIVERSITY OF MN ST. PAUL, MN US",4/24/17,0,66,45
115,USC00218450,"UNIVERSITY OF MN ST. PAUL, MN US",4/25/17,0,70,51
116,USC00218450,"UNIVERSITY OF MN ST. PAUL, MN US",4/26/17,0.86,59,34
117,USC00218450,"UNIVERSITY OF MN ST. PAUL, MN US",4/27/17,0,38,30
118,USC00218450,"UNIVERSITY OF MN ST. PAUL, MN US",4/28/17,0,35,30
119,USC00218450,"UNIVERSITY OF MN ST. PAUL, MN US",4/29/17,0,48,34
120,USC00218450,"UNIVERSITY OF MN ST. PAUL, MN US",4/30/17,0,53,37
121,USC00218450,"UNIVERSITY OF MN ST. PAUL, MN US",5/1/17,0.98,45,34
122,USC00218450,"UNIVERSITY OF MN ST. PAUL, MN US",5/2/17,0.3,39,32
123,USC00218450,"UNIVERSITY OF MN ST. PAUL, MN US",5/3/17,0,60,39
124,USC00218450,"UNIVERSITY OF MN ST. PAUL, MN US",5/4/17,0,64,43
125,USC00218450,"UNIVERSITY OF MN ST. PAUL, MN US",5/5/17,0,67,44
126,USC00218450,"UNIVERSITY OF MN ST. PAUL, MN US",5/6/17,0,77,41
127,USC00218450,"UNIVERSITY OF MN ST. PAUL, MN US",5/7/17,0,66,44
128,USC00218450,"UNIVERSITY OF MN ST. PAUL, MN US",5/8/17,0,65,44
129,USC00218450,"UNIVERSITY OF MN ST. PAUL, MN US",5/9/17,0.2,69,46
130,USC00218450,"UNIVERSITY OF MN ST. PAUL, MN US",5/10/17,0.01,70,48
131,USC00218450,"UNIVERSITY OF MN ST. PAUL, MN US",5/11/17,0,66,46
132,USC00218450,"UNIVERSITY OF MN ST. PAUL, MN US",5/12/17,0,66,44
133,USC00218450,"UNIVERSITY OF MN ST. PAUL, MN US",5/13/17,0,75,48
134,USC00218450,"UNIVERSITY OF MN ST. PAUL, MN US",5/14/17,0,80,54
135,USC00218450,"UNIVERSITY OF MN ST. PAUL, MN US",5/15/17,0,83,61
136,USC00218450,"UNIVERSITY OF MN ST. PAUL, MN US",5/16/17,0.63,69,58
137,USC00218450,"UNIVERSITY OF MN ST. PAUL, MN US",5/17/17,0.94,81,62
138,USC00218450,"UNIVERSITY OF MN ST. PAUL, MN US",5/18/17,1.89,69,46
139,USC00218450,"UNIVERSITY OF MN ST. PAUL, MN US",5/19/17,0.02,53,42
140,USC00218450,"UNIVERSITY OF MN ST. PAUL, MN US",5/20/17,0,53,42
141,USC00218450,"UNIVERSITY OF MN ST. PAUL, MN US",5/21/17,1.32,50,40
142,USC00218450,"UNIVERSITY OF MN ST. PAUL, MN US",5/22/17,0.06,50,43
143,USC00218450,"UNIVERSITY OF MN ST. PAUL, MN US",5/23/17,0.04,64,48
144,USC00218450,"UNIVERSITY OF MN ST. PAUL, MN US",5/24/17,0.03,60,45
145,USC00218450,"UNIVERSITY OF MN ST. PAUL, MN US",5/25/17,0,61,47
146,USC00218450,"UNIVERSITY OF MN ST. PAUL, MN US",5/26/17,0.04,70,52
147,USC00218450,"UNIVERSITY OF MN ST. PAUL, MN US",5/27/17,0,80,52
148,USC00218450,"UNIVERSITY OF MN ST. PAUL, MN US",5/28/17,0,72,56
149,USC00218450,"UNIVERSITY OF MN ST. PAUL, MN US",5/29/17,0.05,73,52
150,USC00218450,"UNIVERSITY OF MN ST. PAUL, MN US",5/30/17,0.03,64,51
151,USC00218450,"UNIVERSITY OF MN ST. PAUL, MN US",5/31/17,0,59,49
152,USC00218450,"UNIVERSITY OF MN ST. PAUL, MN US",6/1/17,0,73,45
153,USC00218450,"UNIVERSITY OF MN ST. PAUL, MN US",6/2/17,0,79,56
154,USC00218450,"UNIVERSITY OF MN ST. PAUL, MN US",6/3/17,0,88,64
155,USC00218450,"UNIVERSITY OF MN ST. PAUL, MN US",6/4/17,0,89,62
156,USC00218450,"UNIVERSITY OF MN ST. PAUL, MN US",6/5/17,0,87,57
157,USC00218450,"UNIVERSITY OF MN ST. PAUL, MN US",6/6/17,0,84,53
158,USC00218450,"UNIVERSITY OF MN ST. PAUL, MN US",6/7/17,0,80,58
159,USC00218450,"UNIVERSITY OF MN ST. PAUL, MN US",6/8/17,0.01,86,66
160,USC00218450,"UNIVERSITY OF MN ST. PAUL, MN US",6/9/17,0,81,60
161,USC00218450,"UNIVERSITY OF MN ST. PAUL, MN US",6/10/17,0,83,65
162,USC00218450,"UNIVERSITY OF MN ST. PAUL, MN US",6/11/17,0,93,70
163,USC00218450,"UNIVERSITY OF MN ST. PAUL, MN US",6/12/17,0.89,73,55
164,USC00218450,"UNIVERSITY OF MN ST. PAUL, MN US",6/13/17,0.32,80,64
165,USC00218450,"UNIVERSITY OF MN ST. PAUL, MN US",6/14/17,0.21,88,66
166,USC00218450,"UNIVERSITY OF MN ST. PAUL, MN US",6/15/17,0,83,66
167,USC00218450,"UNIVERSITY OF MN ST. PAUL, MN US",6/16/17,0,84,63
168,USC00218450,"UNIVERSITY OF MN ST. PAUL, MN US",6/17/17,0,83,61
169,USC00218450,"UNIVERSITY OF MN ST. PAUL, MN US",6/18/17,0.24,82,59
170,USC00218450,"UNIVERSITY OF MN ST. PAUL, MN US",6/19/17,0,71,59
171,USC00218450,"UNIVERSITY OF MN ST. PAUL, MN US",6/20/17,0.17,71,57
172,USC00218450,"UNIVERSITY OF MN ST. PAUL, MN US",6/21/17,0,73,55
173,USC00218450,"UNIVERSITY OF MN ST. PAUL, MN US",6/22/17,0.11,80,62
174,USC00218450,"UNIVERSITY OF MN ST. PAUL, MN US",6/23/17,0.48,70,56
175,USC00218450,"UNIVERSITY OF MN ST. PAUL, MN US",6/24/17,0,70,52
176,USC00218450,"UNIVERSITY OF MN ST. PAUL, MN US",6/25/17,0,64,52
177,USC00218450,"UNIVERSITY OF MN ST. PAUL, MN US",6/26/17,0.03,66,48
178,USC00218450,"UNIVERSITY OF MN ST. PAUL, MN US",6/27/17,0,69,51
179,USC00218450,"UNIVERSITY OF MN ST. PAUL, MN US",6/28/17,0.54,75,56
180,USC00218450,"UNIVERSITY OF MN ST. PAUL, MN US",6/29/17,0.11,79,61
181,USC00218450,"UNIVERSITY OF MN ST. PAUL, MN US",6/30/17,0.05,74,58
182,USC00218450,"UNIVERSITY OF MN ST. PAUL, MN US",7/1/17,0,77,60
183,USC00218450,"UNIVERSITY OF MN ST. PAUL, MN US",7/2/17,0,74,63
184,USC00218450,"UNIVERSITY OF MN ST. PAUL, MN US",7/3/17,0,78,57
185,USC00218450,"UNIVERSITY OF MN ST. PAUL, MN US",7/4/17,0,81,64
186,USC00218450,"UNIVERSITY OF MN ST. PAUL, MN US",7/5/17,0.1,85,66
187,USC00218450,"UNIVERSITY OF MN ST. PAUL, MN US",7/6/17,0,90,72
188,USC00218450,"UNIVERSITY OF MN ST. PAUL, MN US",7/7/17,0,91,65
189,USC00218450,"UNIVERSITY OF MN ST. PAUL, MN US",7/8/17,0,80,57
190,USC00218450,"UNIVERSITY OF MN ST. PAUL, MN US",7/9/17,0,80,65
191,USC00218450,"UNIVERSITY OF MN ST. PAUL, MN US",7/10/17,0,82,67
192,USC00218450,"UNIVERSITY OF MN ST. PAUL, MN US",7/11/17,0,83,60
193,USC00218450,"UNIVERSITY OF MN ST. PAUL, MN US",7/12/17,0.04,84,66
194,USC00218450,"UNIVERSITY OF MN ST. PAUL, MN US",7/13/17,0,84,55
195,USC00218450,"UNIVERSITY OF MN ST. PAUL, MN US",7/14/17,0,68,54
196,USC00218450,"UNIVERSITY OF MN ST. PAUL, MN US",7/15/17,0,75,58
197,USC00218450,"UNIVERSITY OF MN ST. PAUL, MN US",7/16/17,0,91,64
198,USC00218450,"UNIVERSITY OF MN ST. PAUL, MN US",7/17/17,0,82,66
199,USC00218450,"UNIVERSITY OF MN ST. PAUL, MN US",7/18/17,0.9,90,67
200,USC00218450,"UNIVERSITY OF MN ST. PAUL, MN US",7/19/17,0.04,78,59
201,USC00218450,"UNIVERSITY OF MN ST. PAUL, MN US",7/20/17,0.17,80,64
202,USC00218450,"UNIVERSITY OF MN ST. PAUL, MN US",7/21/17,0,86,65
203,USC00218450,"UNIVERSITY OF MN ST. PAUL, MN US",7/22/17,0,82,67
204,USC00218450,"UNIVERSITY OF MN ST. PAUL, MN US",7/23/17,0.01,87,65
205,USC00218450,"UNIVERSITY OF MN ST. PAUL, MN US",7/24/17,0,75,55
206,USC00218450,"UNIVERSITY OF MN ST. PAUL, MN US",7/25/17,0,77,60
207,USC00218450,"UNIVERSITY OF MN ST. PAUL, MN US",7/26/17,1.19,82,66
208,USC00218450,"UNIVERSITY OF MN ST. PAUL, MN US",7/27/17,0,81,64
209,USC00218450,"UNIVERSITY OF MN ST. PAUL, MN US",7/28/17,0,81,61
210,USC00218450,"UNIVERSITY OF MN ST. PAUL, MN US",7/29/17,0,82,59
211,USC00218450,"UNIVERSITY OF MN ST. PAUL, MN US",7/30/17,0,83,61
212,USC00218450,"UNIVERSITY OF MN ST. PAUL, MN US",7/31/17,0,84,64
213,USC00218450,"UNIVERSITY OF MN ST. PAUL, MN US",8/1/17,0,85,64
214,USC00218450,"UNIVERSITY OF MN ST. PAUL, MN US",8/2/17,0,85,63
215,USC00218450,"UNIVERSITY OF MN ST. PAUL, MN US",8/3/17,0.19,78,59
216,USC00218450,"UNIVERSITY OF MN ST. PAUL, MN US",8/4/17,0.43,60,51
217,USC00218450,"UNIVERSITY OF MN ST. PAUL, MN US",8/5/17,0,74,54
218,USC00218450,"UNIVERSITY OF MN ST. PAUL, MN US",8/6/17,0.19,75,57
219,USC00218450,"UNIVERSITY OF MN ST. PAUL, MN US",8/7/17,0.76,72,52
220,USC00218450,"UNIVERSITY OF MN ST. PAUL, MN US",8/8/17,0,77,58
221,USC00218450,"UNIVERSITY OF MN ST. PAUL, MN US",8/9/17,0,79,61
222,USC00218450,"UNIVERSITY OF MN ST. PAUL, MN US",8/10/17,0.9,67,59
223,USC00218450,"UNIVERSITY OF MN ST. PAUL, MN US",8/11/17,0.06,70,56
224,USC00218450,"UNIVERSITY OF MN ST. PAUL, MN US",8/12/17,0,76,53
225,USC00218450,"UNIVERSITY OF MN ST. PAUL, MN US",8/13/17,0,77,57
226,USC00218450,"UNIVERSITY OF MN ST. PAUL, MN US",8/14/17,1.72,68,59
227,USC00218450,"UNIVERSITY OF MN ST. PAUL, MN US",8/15/17,0.01,73,53
228,USC00218450,"UNIVERSITY OF MN ST. PAUL, MN US",8/16/17,0.55,76,58
229,USC00218450,"UNIVERSITY OF MN ST. PAUL, MN US",8/17/17,1.92,76,63
230,USC00218450,"UNIVERSITY OF MN ST. PAUL, MN US",8/18/17,0.01,70,58
231,USC00218450,"UNIVERSITY OF MN ST. PAUL, MN US",8/19/17,0,72,55
232,USC00218450,"UNIVERSITY OF MN ST. PAUL, MN US",8/20/17,0,78,59
233,USC00218450,"UNIVERSITY OF MN ST. PAUL, MN US",8/21/17,0,83,62
234,USC00218450,"UNIVERSITY OF MN ST. PAUL, MN US",8/22/17,0.05,78,58
235,USC00218450,"UNIVERSITY OF MN ST. PAUL, MN US",8/23/17,0,72,53
236,USC00218450,"UNIVERSITY OF MN ST. PAUL, MN US",8/24/17,0,72,53
237,USC00218450,"UNIVERSITY OF MN ST. PAUL, MN US",8/25/17,0.2,71,55
238,USC00218450,"UNIVERSITY OF MN ST. PAUL, MN US",8/26/17,1.59,68,55
239,USC00218450,"UNIVERSITY OF MN ST. PAUL, MN US",8/27/17,0.09,65,59
240,USC00218450,"UNIVERSITY OF MN ST. PAUL, MN US",8/28/17,0.2,71,59
241,USC00218450,"UNIVERSITY OF MN ST. PAUL, MN US",8/29/17,0,71,54
242,USC00218450,"UNIVERSITY OF MN ST. PAUL, MN US",8/30/17,0,78,57
243,USC00218450,"UNIVERSITY OF MN ST. PAUL, MN US",8/31/17,0.02,80,52
244,USC00218450,"UNIVERSITY OF MN ST. PAUL, MN US",9/1/17,0,69,52
245,USC00218450,"UNIVERSITY OF MN ST. PAUL, MN US",9/2/17,0,70,53
246,USC00218450,"UNIVERSITY OF MN ST. PAUL, MN US",9/3/17,0,78,57
247,USC00218450,"UNIVERSITY OF MN ST. PAUL, MN US",9/4/17,0,83,59
248,USC00218450,"UNIVERSITY OF MN ST. PAUL, MN US",9/5/17,0.12,73,50
249,USC00218450,"UNIVERSITY OF MN ST. PAUL, MN US",9/6/17,0.01,62,46
250,USC00218450,"UNIVERSITY OF MN ST. PAUL, MN US",9/7/17,0,65,45
251,USC00218450,"UNIVERSITY OF MN ST. PAUL, MN US",9/8/17,0,65,45
252,USC00218450,"UNIVERSITY OF MN ST. PAUL, MN US",9/9/17,0,66,49
253,USC00218450,"UNIVERSITY OF MN ST. PAUL, MN US",9/10/17,0,72,52
254,USC00218450,"UNIVERSITY OF MN ST. PAUL, MN US",9/11/17,0,78,58
255,USC00218450,"UNIVERSITY OF MN ST. PAUL, MN US",9/12/17,0,79,58
256,USC00218450,"UNIVERSITY OF MN ST. PAUL, MN US",9/13/17,0,83,61
257,USC00218450,"UNIVERSITY OF MN ST. PAUL, MN US",9/14/17,0,84,63
258,USC00218450,"UNIVERSITY OF MN ST. PAUL, MN US",9/15/17,0,87,65
259,USC00218450,"UNIVERSITY OF MN ST. PAUL, MN US",9/16/17,0,80,68
260,USC00218450,"UNIVERSITY OF MN ST. PAUL, MN US",9/17/17,0.03,74,50
261,USC00218450,"UNIVERSITY OF MN ST. PAUL, MN US",9/18/17,0,64,49
262,USC00218450,"UNIVERSITY OF MN ST. PAUL, MN US",9/19/17,0.33,58,53
263,USC00218450,"UNIVERSITY OF MN ST. PAUL, MN US",9/20/17,0.25,77,58
264,USC00218450,"UNIVERSITY OF MN ST. PAUL, MN US",9/21/17,0,73,49
265,USC00218450,"UNIVERSITY OF MN ST. PAUL, MN US",9/22/17,0,80,52
266,USC00218450,"UNIVERSITY OF MN ST. PAUL, MN US",9/23/17,0,91,71
267,USC00218450,"UNIVERSITY OF MN ST. PAUL, MN US",9/24/17,0,86,68
268,USC00218450,"UNIVERSITY OF MN ST. PAUL, MN US",9/25/17,0.31,87,58
269,USC00218450,"UNIVERSITY OF MN ST. PAUL, MN US",9/26/17,0.19,60,55
270,USC00218450,"UNIVERSITY OF MN ST. PAUL, MN US",9/27/17,0.01,62,46
271,USC00218450,"UNIVERSITY OF MN ST. PAUL, MN US",9/28/17,0,64,46
272,USC00218450,"UNIVERSITY OF MN ST. PAUL, MN US",9/29/17,0,62,46
273,USC00218450,"UNIVERSITY OF MN ST. PAUL, MN US",9/30/17,0,62,44
274,USC00218450,"UNIVERSITY OF MN ST. PAUL, MN US",10/1/17,0.12,67,45
275,USC00218450,"UNIVERSITY OF MN ST. PAUL, MN US",10/2/17,0.73,61,52
276,USC00218450,"UNIVERSITY OF MN ST. PAUL, MN US",10/3/17,2.05,69,53
277,USC00218450,"UNIVERSITY OF MN ST. PAUL, MN US",10/4/17,0.06,69,45
278,USC00218450,"UNIVERSITY OF MN ST. PAUL, MN US",10/5/17,0,57,44
279,USC00218450,"UNIVERSITY OF MN ST. PAUL, MN US",10/6/17,0.02,63,44
280,USC00218450,"UNIVERSITY OF MN ST. PAUL, MN US",10/7/17,0.65,58,46
281,USC00218450,"UNIVERSITY OF MN ST. PAUL, MN US",10/8/17,0.02,65,49
282,USC00218450,"UNIVERSITY OF MN ST. PAUL, MN US",10/9/17,0,68,44
283,USC00218450,"UNIVERSITY OF MN ST. PAUL, MN US",10/10/17,0,54,32
284,USC00218450,"UNIVERSITY OF MN ST. PAUL, MN US",10/11/17,0,50,32
285,USC00218450,"UNIVERSITY OF MN ST. PAUL, MN US",10/12/17,0,53,36
286,USC00218450,"UNIVERSITY OF MN ST. PAUL, MN US",10/13/17,0,62,45
287,USC00218450,"UNIVERSITY OF MN ST. PAUL, MN US",10/14/17,0,58,42
288,USC00218450,"UNIVERSITY OF MN ST. PAUL, MN US",10/15/17,0.58,56,39
289,USC00218450,"UNIVERSITY OF MN ST. PAUL, MN US",10/16/17,0,51,38
290,USC00218450,"UNIVERSITY OF MN ST. PAUL, MN US",10/17/17,0,64,37
291,USC00218450,"UNIVERSITY OF MN ST. PAUL, MN US",10/18/17,0,71,44
292,USC00218450,"UNIVERSITY OF MN ST. PAUL, MN US",10/19/17,0,70,40
293,USC00218450,"UNIVERSITY OF MN ST. PAUL, MN US",10/20/17,0,71,39
294,USC00218450,"UNIVERSITY OF MN ST. PAUL, MN US",10/21/17,0.26,76,52
295,USC00218450,"UNIVERSITY OF MN ST. PAUL, MN US",10/22/17,0.12,66,48
296,USC00218450,"UNIVERSITY OF MN ST. PAUL, MN US",10/23/17,0,61,48
297,USC00218450,"UNIVERSITY OF MN ST. PAUL, MN US",10/24/17,0,58,40
298,USC00218450,"UNIVERSITY OF MN ST. PAUL, MN US",10/25/17,0,49,35
299,USC00218450,"UNIVERSITY OF MN ST. PAUL, MN US",10/26/17,0,55,35
300,USC00218450,"UNIVERSITY OF MN ST. PAUL, MN US",10/27/17,0.11,55,32
301,USC00218450,"UNIVERSITY OF MN ST. PAUL, MN US",10/28/17,0.12,32,28
302,USC00218450,"UNIVERSITY OF MN ST. PAUL, MN US",10/29/17,0,31,27
303,USC00218450,"UNIVERSITY OF MN ST. PAUL, MN US",10/30/17,0,41,30
304,USC00218450,"UNIVERSITY OF MN ST. PAUL, MN US",10/31/17,0,36,27
305,USC00218450,"UNIVERSITY OF MN ST. PAUL, MN US",11/1/17,0,33,25
306,USC00218450,"UNIVERSITY OF MN ST. PAUL, MN US",11/2/17,0.04,35,29
307,USC00218450,"UNIVERSITY OF MN ST. PAUL, MN US",11/3/17,0,37,26
308,USC00218450,"UNIVERSITY OF MN ST. PAUL, MN US",11/4/17,0.1,33,26
309,USC00218450,"UNIVERSITY OF MN ST. PAUL, MN US",11/5/17,0.1,41,33
310,USC00218450,"UNIVERSITY OF MN ST. PAUL, MN US",11/6/17,0,34,20
311,USC00218450,"UNIVERSITY OF MN ST. PAUL, MN US",11/7/17,0,31,20
312,USC00218450,"UNIVERSITY OF MN ST. PAUL, MN US",11/8/17,0,33,25
313,USC00218450,"UNIVERSITY OF MN ST. PAUL, MN US",11/9/17,0,39,17
314,USC00218450,"UNIVERSITY OF MN ST. PAUL, MN US",11/10/17,0,20,8
315,USC00218450,"UNIVERSITY OF MN ST. PAUL, MN US",11/11/17,0.04,29,10
316,USC00218450,"UNIVERSITY OF MN ST. PAUL, MN US",11/12/17,0,42,24
317,USC00218450,"UNIVERSITY OF MN ST. PAUL, MN US",11/13/17,0,33,23
318,USC00218450,"UNIVERSITY OF MN ST. PAUL, MN US",11/14/17,0.01,43,25
319,USC00218450,"UNIVERSITY OF MN ST. PAUL, MN US",11/15/17,0.07,44,37
320,USC00218450,"UNIVERSITY OF MN ST. PAUL, MN US",11/16/17,0,40,25
321,USC00218450,"UNIVERSITY OF MN ST. PAUL, MN US",11/17/17,0,35,26
322,USC00218450,"UNIVERSITY OF MN ST. PAUL, MN US",11/18/17,0.06,36,31
323,USC00218450,"UNIVERSITY OF MN ST. PAUL, MN US",11/19/17,0,35,16
324,USC00218450,"UNIVERSITY OF MN ST. PAUL, MN US",11/20/17,0,39,16
325,USC00218450,"UNIVERSITY OF MN ST. PAUL, MN US",11/21/17,0,45,26
326,USC00218450,"UNIVERSITY OF MN ST. PAUL, MN US",11/22/17,0,27,13
327,USC00218450,"UNIVERSITY OF MN ST. PAUL, MN US",11/23/17,0,31,14
328,USC00218450,"UNIVERSITY OF MN ST. PAUL, MN US",11/24/17,0,46,22
329,USC00218450,"UNIVERSITY OF MN ST. PAUL, MN US",11/25/17,0,58,32
330,USC00218450,"UNIVERSITY OF MN ST. PAUL, MN US",11/26/17,0,37,24
331,USC00218450,"UNIVERSITY OF MN ST. PAUL, MN US",11/27/17,0,48,28
332,USC00218450,"UNIVERSITY OF MN ST. PAUL, MN US",11/28/17,0,58,35
333,USC00218450,"UNIVERSITY OF MN ST. PAUL, MN US",11/29/17,0,50,24
334,USC00218450,"UNIVERSITY OF MN ST. PAUL, MN US",11/30/17,0,44,24
335,USC00218450,"UNIVERSITY OF MN ST. PAUL, MN US",12/1/17,0,46,27
336,USC00218450,"UNIVERSITY OF MN ST. PAUL, MN US",12/2/17,0,48,28
337,USC00218450,"UNIVERSITY OF MN ST. PAUL, MN US",12/3/17,0,45,28
338,USC00218450,"UNIVERSITY OF MN ST. PAUL, MN US",12/4/17,0,51,29
339,USC00218450,"UNIVERSITY OF MN ST. PAUL, MN US",12/5/17,0.3,55,15
340,USC00218450,"UNIVERSITY OF MN ST. PAUL, MN US",12/6/17,0,19,14
341,USC00218450,"UNIVERSITY OF MN ST. PAUL, MN US",12/7/17,0.01,17,6
342,USC00218450,"UNIVERSITY OF MN ST. PAUL, MN US",12/8/17,0,22,6
343,USC00218450,"UNIVERSITY OF MN ST. PAUL, MN US",12/9/17,0.01,30,18
344,USC00218450,"UNIVERSITY OF MN ST. PAUL, MN US",12/10/17,0,22,16
345,USC00218450,"UNIVERSITY OF MN ST. PAUL, MN US",12/11/17,0.14,27,19
346,USC00218450,"UNIVERSITY OF MN ST. PAUL, MN US",12/12/17,0,33,5
347,USC00218450,"UNIVERSITY OF MN ST. PAUL, MN US",12/13/17,0.03,27,4
348,USC00218450,"UNIVERSITY OF MN ST. PAUL, MN US",12/14/17,0,26,14
349,USC00218450,"UNIVERSITY OF MN ST. PAUL, MN US",12/15/17,0,21,10
350,USC00218450,"UNIVERSITY OF MN ST. PAUL, MN US",12/16/17,0.05,28,19
351,USC00218450,"UNIVERSITY OF MN ST. PAUL, MN US",12/17/17,0,27,16
352,USC00218450,"UNIVERSITY OF MN ST. PAUL, MN US",12/18/17,0,26,19
353,USC00218450,"UNIVERSITY OF MN ST. PAUL, MN US",12/19/17,0,41,24
354,USC00218450,"UNIVERSITY OF MN ST. PAUL, MN US",12/20/17,0,32,15
355,USC00218450,"UNIVERSITY OF MN ST. PAUL, MN US",12/21/17,0.01,18,15
356,USC00218450,"UNIVERSITY OF MN ST. PAUL, MN US",12/22/17,0,21,15
357,USC00218450,"UNIVERSITY OF MN ST. PAUL, MN US",12/23/17,0,24,9
358,USC00218450,"UNIVERSITY OF MN ST. PAUL, MN US",12/24/17,0,20,9
359,USC00218450,"UNIVERSITY OF MN ST. PAUL, MN US",12/25/17,0,20,-1
360,USC00218450,"UNIVERSITY OF MN ST. PAUL, MN US",12/26/17,0,0,-10
361,USC00218450,"UNIVERSITY OF MN ST. PAUL, MN US",12/27/17,0,-2,-11
362,USC00218450,"UNIVERSITY OF MN ST. PAUL, MN US",12/28/17,0.05,4,-10
363,USC00218450,"UNIVERSITY OF MN ST. PAUL, MN US",12/29/17,0.01,10,-4
364,USC00218450,"UNIVERSITY OF MN ST. PAUL, MN US",12/30/17,0.01,0,-16
365,USC00218450,"UNIVERSITY OF MN ST. PAUL, MN US",12/31/17,0,-8,-17